courseId,userId,fullName,emailAddress,photoUrl
courseid-00000,userid-00000,Clark Thomas Jessup,clark.jessup.mt@gmail.com,photourl-00000
courseid-00001,userid-00001,Glen Jessup,glen.jessup.msla@gmail.com,photourl-00001
courseid-00002,userid-00002,Emma Jessup,emma.jessup.helena@gmail.com,photourl-00002
courseid-00003,userid-00003,Wade Jessup,wade.jessup.helena@gmail.com,photourl-00003
courseid-00004,userid-00004,Aiden Jessup,aiden.jessup@example.com,photourl-00004
courseid-00005,userid-00005,Sophie Jessup,sophie.jessup@example.com,photourl-00005
courseid-00006,userid-00006,Neil Petrovic,neil.petrovic.mt@gmail.com,photourl-00006
courseid-00007,userid-00007,Diane Howell,dhowell@nps.gov,photourl-00007
courseid-00008,userid-00008,Josie Firth,josie.firth.whitefish@gmail.com,photourl-00008
courseid-00009,userid-00009,Ben Alvarado,balvarado@flatheadfp.com,photourl-00009
courseid-00010,userid-00010,Karen Ng,kng@summitdental-mt.com,photourl-00010
courseid-00011,userid-00011,Heather Jessup,heather.cole.jessup@gmail.com,photourl-00011
courseid-00012,userid-00012,Marcus Ridley,mridley@nps.gov,photourl-00012
courseid-00013,userid-00013,Priya Sundaram,priya.sundaram@gmail.com,photourl-00013
courseid-00014,userid-00014,Ted McAllister,ted.mcallister@gmail.com,photourl-00014
courseid-00015,userid-00015,Ranger Bergstrom,dbergstrom@nps.gov,photourl-00015
courseid-00016,userid-00016,Sam Iverson,siverson@nps.gov,photourl-00016
courseid-00017,userid-00017,Amelia Chen,amelia.chen.photo@gmail.com,photourl-00017
courseid-00018,userid-00018,Rob Doherty,rob.doherty.mt@gmail.com,photourl-00018
courseid-00019,userid-00019,Val Cortez,val.cortez.wf@gmail.com,photourl-00019
courseid-00020,userid-00020,Rachel Okafor,rachel.okafor@gmail.com,photourl-00020
courseid-00021,userid-00021,Jack Underhill,junderhill@nps.gov,photourl-00021
courseid-00022,userid-00022,Wren Kaur,wren.kaur22@outlook.com,photourl-00022
courseid-00023,userid-00023,Xiao Ramirez,xiao.ramirez23@yahoo.com,photourl-00023
courseid-00024,userid-00024,Yara Young,yara.young24@protonmail.com,photourl-00024
courseid-00025,userid-00025,Zane Ferrari,zane.ferrari25@icloud.com,photourl-00025
courseid-00026,userid-00026,Anika Meyer,anika.meyer26@montanasky.net,photourl-00026
courseid-00027,userid-00027,Bram Ueda,bram.ueda27@flathead.net,photourl-00027
courseid-00028,userid-00028,Cora Diaz,cora.diaz28@gmail.com,photourl-00028
courseid-00029,userid-00029,Deshaun Kaur,deshaun.kaur29@outlook.com,photourl-00029
courseid-00030,userid-00030,Eli Ramirez,eli.ramirez30@yahoo.com,photourl-00030
courseid-00031,userid-00031,Freya Young,freya.young31@protonmail.com,photourl-00031
courseid-00032,userid-00032,Gabriel Ferrari,gabriel.ferrari32@icloud.com,photourl-00032
courseid-00033,userid-00033,Hana Meyer,hana.meyer33@montanasky.net,photourl-00033
courseid-00034,userid-00034,Ian Ueda,ian.ueda34@flathead.net,photourl-00034
courseid-00035,userid-00035,Jessa Diaz,jessa.diaz35@gmail.com,photourl-00035
courseid-00036,userid-00036,Kai Kaur,kai.kaur36@outlook.com,photourl-00036
courseid-00037,userid-00037,Lena Ramirez,lena.ramirez37@yahoo.com,photourl-00037
courseid-00038,userid-00038,Mateo Young,mateo.young38@protonmail.com,photourl-00038
courseid-00039,userid-00039,Nia Ferrari,nia.ferrari39@icloud.com,photourl-00039
courseid-00040,userid-00040,Owen Meyer,owen.meyer40@montanasky.net,photourl-00040
courseid-00041,userid-00041,Petra Ueda,petra.ueda41@flathead.net,photourl-00041
courseid-00042,userid-00042,Rosa Diaz,rosa.diaz42@gmail.com,photourl-00042
courseid-00043,userid-00043,Sam Kaur,sam.kaur43@outlook.com,photourl-00043
courseid-00044,userid-00044,Tara Ramirez,tara.ramirez44@yahoo.com,photourl-00044
courseid-00045,userid-00045,Ursula Young,ursula.young45@protonmail.com,photourl-00045
courseid-00046,userid-00046,Viktor Ferrari,viktor.ferrari46@icloud.com,photourl-00046
courseid-00047,userid-00047,Wanda Meyer,wanda.meyer47@montanasky.net,photourl-00047
courseid-00048,userid-00048,Xander Ueda,xander.ueda48@flathead.net,photourl-00048
courseid-00049,userid-00049,Yusuf Diaz,yusuf.diaz49@gmail.com,photourl-00049
courseid-00050,userid-00050,Zola Kaur,zola.kaur50@outlook.com,photourl-00050
courseid-00051,userid-00051,Adele Ramirez,adele.ramirez51@yahoo.com,photourl-00051
courseid-00052,userid-00052,Bruno Young,bruno.young52@protonmail.com,photourl-00052
courseid-00053,userid-00053,Camila Ferrari,camila.ferrari53@icloud.com,photourl-00053
courseid-00054,userid-00054,Dario Meyer,dario.meyer54@montanasky.net,photourl-00054
courseid-00055,userid-00055,Efe Ueda,efe.ueda55@flathead.net,photourl-00055
courseid-00056,userid-00056,Fionn Diaz,fionn.diaz56@gmail.com,photourl-00056
courseid-00057,userid-00057,Gwen Kaur,gwen.kaur57@outlook.com,photourl-00057
courseid-00058,userid-00058,Hector Ramirez,hector.ramirez58@yahoo.com,photourl-00058
courseid-00059,userid-00059,Iris Young,iris.young59@protonmail.com,photourl-00059
courseid-00060,userid-00060,Julius Ferrari,julius.ferrari60@icloud.com,photourl-00060
courseid-00061,userid-00061,Kenji Meyer,kenji.meyer61@montanasky.net,photourl-00061
courseid-00062,userid-00062,Alice Ueda,alice.ueda62@flathead.net,photourl-00062
courseid-00063,userid-00063,Ben Diaz,ben.diaz63@gmail.com,photourl-00063
courseid-00064,userid-00064,Chloe Kaur,chloe.kaur64@outlook.com,photourl-00064
courseid-00065,userid-00065,Diego Ramirez,diego.ramirez65@yahoo.com,photourl-00065
courseid-00066,userid-00066,Elena Young,elena.young66@protonmail.com,photourl-00066
courseid-00067,userid-00067,Farhan Ferrari,farhan.ferrari67@icloud.com,photourl-00067
courseid-00068,userid-00068,Grace Meyer,grace.meyer68@montanasky.net,photourl-00068
courseid-00069,userid-00069,Hiro Ueda,hiro.ueda69@flathead.net,photourl-00069
courseid-00070,userid-00070,Isabelle Diaz,isabelle.diaz70@gmail.com,photourl-00070
courseid-00071,userid-00071,Jamal Kaur,jamal.kaur71@outlook.com,photourl-00071
courseid-00072,userid-00072,Kira Ramirez,kira.ramirez72@yahoo.com,photourl-00072
courseid-00073,userid-00073,Luis Young,luis.young73@protonmail.com,photourl-00073
courseid-00074,userid-00074,Maya Ferrari,maya.ferrari74@icloud.com,photourl-00074
courseid-00075,userid-00075,Noah Meyer,noah.meyer75@montanasky.net,photourl-00075
courseid-00076,userid-00076,Olivia Ueda,olivia.ueda76@flathead.net,photourl-00076
courseid-00077,userid-00077,Pablo Diaz,pablo.diaz77@gmail.com,photourl-00077
courseid-00078,userid-00078,Quinn Kaur,quinn.kaur78@outlook.com,photourl-00078
courseid-00079,userid-00079,Ravi Ramirez,ravi.ramirez79@yahoo.com,photourl-00079
courseid-00080,userid-00080,Sofia Young,sofia.young80@protonmail.com,photourl-00080
courseid-00081,userid-00081,Tomas Ferrari,tomas.ferrari81@icloud.com,photourl-00081
courseid-00082,userid-00082,Uma Meyer,uma.meyer82@montanasky.net,photourl-00082
courseid-00083,userid-00083,Vince Ueda,vince.ueda83@flathead.net,photourl-00083
courseid-00084,userid-00084,Wren Diaz,wren.diaz84@gmail.com,photourl-00084
courseid-00085,userid-00085,Xiao Kaur,xiao.kaur85@outlook.com,photourl-00085
courseid-00086,userid-00086,Yara Ramirez,yara.ramirez86@yahoo.com,photourl-00086
courseid-00087,userid-00087,Zane Young,zane.young87@protonmail.com,photourl-00087
courseid-00088,userid-00088,Anika Ferrari,anika.ferrari88@icloud.com,photourl-00088
courseid-00089,userid-00089,Bram Meyer,bram.meyer89@montanasky.net,photourl-00089
courseid-00090,userid-00090,Cora Ueda,cora.ueda90@flathead.net,photourl-00090
courseid-00091,userid-00091,Deshaun Diaz,deshaun.diaz91@gmail.com,photourl-00091
courseid-00092,userid-00092,Eli Kaur,eli.kaur92@outlook.com,photourl-00092
courseid-00093,userid-00093,Freya Ramirez,freya.ramirez93@yahoo.com,photourl-00093
courseid-00094,userid-00094,Gabriel Young,gabriel.young94@protonmail.com,photourl-00094
courseid-00095,userid-00095,Hana Ferrari,hana.ferrari95@icloud.com,photourl-00095
courseid-00096,userid-00096,Ian Meyer,ian.meyer96@montanasky.net,photourl-00096
courseid-00097,userid-00097,Jessa Ueda,jessa.ueda97@flathead.net,photourl-00097
courseid-00098,userid-00098,Kai Diaz,kai.diaz98@gmail.com,photourl-00098
courseid-00099,userid-00099,Lena Kaur,lena.kaur99@outlook.com,photourl-00099
courseid-00100,userid-00100,Mateo Ramirez,mateo.ramirez00@yahoo.com,photourl-00100
courseid-00101,userid-00101,Nia Young,nia.young01@protonmail.com,photourl-00101
courseid-00102,userid-00102,Owen Ferrari,owen.ferrari02@icloud.com,photourl-00102
courseid-00103,userid-00103,Petra Meyer,petra.meyer03@montanasky.net,photourl-00103
courseid-00104,userid-00104,Rosa Ueda,rosa.ueda04@flathead.net,photourl-00104
courseid-00105,userid-00105,Sam Diaz,sam.diaz05@gmail.com,photourl-00105
courseid-00106,userid-00106,Tara Kaur,tara.kaur06@outlook.com,photourl-00106
courseid-00107,userid-00107,Ursula Ramirez,ursula.ramirez07@yahoo.com,photourl-00107
courseid-00108,userid-00108,Viktor Young,viktor.young08@protonmail.com,photourl-00108
courseid-00109,userid-00109,Wanda Ferrari,wanda.ferrari09@icloud.com,photourl-00109
courseid-00110,userid-00110,Xander Meyer,xander.meyer10@montanasky.net,photourl-00110
courseid-00111,userid-00111,Yusuf Ueda,yusuf.ueda11@flathead.net,photourl-00111
courseid-00112,userid-00112,Zola Diaz,zola.diaz12@gmail.com,photourl-00112
courseid-00113,userid-00113,Adele Kaur,adele.kaur13@outlook.com,photourl-00113
courseid-00114,userid-00114,Bruno Ramirez,bruno.ramirez14@yahoo.com,photourl-00114
courseid-00115,userid-00115,Camila Young,camila.young15@protonmail.com,photourl-00115
courseid-00116,userid-00116,Dario Ferrari,dario.ferrari16@icloud.com,photourl-00116
courseid-00117,userid-00117,Efe Meyer,efe.meyer17@montanasky.net,photourl-00117
courseid-00118,userid-00118,Fionn Ueda,fionn.ueda18@flathead.net,photourl-00118
courseid-00119,userid-00119,Gwen Diaz,gwen.diaz19@gmail.com,photourl-00119
courseid-00120,userid-00120,Hector Kaur,hector.kaur20@outlook.com,photourl-00120
courseid-00121,userid-00121,Iris Ramirez,iris.ramirez21@yahoo.com,photourl-00121
courseid-00122,userid-00122,Julius Young,julius.young22@protonmail.com,photourl-00122
courseid-00123,userid-00123,Kenji Ferrari,kenji.ferrari23@icloud.com,photourl-00123
courseid-00124,userid-00124,Alice Meyer,alice.meyer24@montanasky.net,photourl-00124
courseid-00125,userid-00125,Ben Ueda,ben.ueda25@flathead.net,photourl-00125
courseid-00126,userid-00126,Chloe Diaz,chloe.diaz26@gmail.com,photourl-00126
courseid-00127,userid-00127,Diego Kaur,diego.kaur27@outlook.com,photourl-00127
courseid-00128,userid-00128,Elena Ramirez,elena.ramirez28@yahoo.com,photourl-00128
courseid-00129,userid-00129,Farhan Young,farhan.young29@protonmail.com,photourl-00129
courseid-00130,userid-00130,Grace Ferrari,grace.ferrari30@icloud.com,photourl-00130
courseid-00131,userid-00131,Hiro Meyer,hiro.meyer31@montanasky.net,photourl-00131
courseid-00132,userid-00132,Isabelle Ueda,isabelle.ueda32@flathead.net,photourl-00132
courseid-00133,userid-00133,Jamal Diaz,jamal.diaz33@gmail.com,photourl-00133
courseid-00134,userid-00134,Kira Kaur,kira.kaur34@outlook.com,photourl-00134
courseid-00135,userid-00135,Luis Ramirez,luis.ramirez35@yahoo.com,photourl-00135
courseid-00136,userid-00136,Maya Young,maya.young36@protonmail.com,photourl-00136
courseid-00137,userid-00137,Noah Ferrari,noah.ferrari37@icloud.com,photourl-00137
courseid-00138,userid-00138,Olivia Meyer,olivia.meyer38@montanasky.net,photourl-00138
courseid-00139,userid-00139,Pablo Ueda,pablo.ueda39@flathead.net,photourl-00139
courseid-00140,userid-00140,Quinn Diaz,quinn.diaz40@gmail.com,photourl-00140
courseid-00141,userid-00141,Ravi Kaur,ravi.kaur41@outlook.com,photourl-00141
courseid-00142,userid-00142,Sofia Ramirez,sofia.ramirez42@yahoo.com,photourl-00142
courseid-00143,userid-00143,Tomas Young,tomas.young43@protonmail.com,photourl-00143
courseid-00144,userid-00144,Uma Ferrari,uma.ferrari44@icloud.com,photourl-00144
courseid-00145,userid-00145,Vince Meyer,vince.meyer45@montanasky.net,photourl-00145
courseid-00146,userid-00146,Wren Ueda,wren.ueda46@flathead.net,photourl-00146
courseid-00147,userid-00147,Xiao Diaz,xiao.diaz47@gmail.com,photourl-00147
courseid-00148,userid-00148,Yara Kaur,yara.kaur48@outlook.com,photourl-00148
courseid-00149,userid-00149,Zane Ramirez,zane.ramirez49@yahoo.com,photourl-00149
courseid-00150,userid-00150,Anika Young,anika.young50@protonmail.com,photourl-00150
courseid-00151,userid-00151,Bram Ferrari,bram.ferrari51@icloud.com,photourl-00151
courseid-00152,userid-00152,Cora Meyer,cora.meyer52@montanasky.net,photourl-00152
courseid-00153,userid-00153,Deshaun Ueda,deshaun.ueda53@flathead.net,photourl-00153
courseid-00154,userid-00154,Eli Diaz,eli.diaz54@gmail.com,photourl-00154
courseid-00155,userid-00155,Freya Kaur,freya.kaur55@outlook.com,photourl-00155
courseid-00156,userid-00156,Gabriel Ramirez,gabriel.ramirez56@yahoo.com,photourl-00156
courseid-00157,userid-00157,Hana Young,hana.young57@protonmail.com,photourl-00157
courseid-00158,userid-00158,Ian Ferrari,ian.ferrari58@icloud.com,photourl-00158
courseid-00159,userid-00159,Jessa Meyer,jessa.meyer59@montanasky.net,photourl-00159
courseid-00160,userid-00160,Kai Ueda,kai.ueda60@flathead.net,photourl-00160
courseid-00161,userid-00161,Lena Diaz,lena.diaz61@gmail.com,photourl-00161
courseid-00162,userid-00162,Mateo Kaur,mateo.kaur62@outlook.com,photourl-00162
courseid-00163,userid-00163,Nia Ramirez,nia.ramirez63@yahoo.com,photourl-00163
courseid-00164,userid-00164,Owen Young,owen.young64@protonmail.com,photourl-00164
courseid-00165,userid-00165,Petra Ferrari,petra.ferrari65@icloud.com,photourl-00165
courseid-00166,userid-00166,Rosa Meyer,rosa.meyer66@montanasky.net,photourl-00166
courseid-00167,userid-00167,Sam Ueda,sam.ueda67@flathead.net,photourl-00167
courseid-00168,userid-00168,Tara Diaz,tara.diaz68@gmail.com,photourl-00168
courseid-00169,userid-00169,Ursula Kaur,ursula.kaur69@outlook.com,photourl-00169
courseid-00170,userid-00170,Viktor Ramirez,viktor.ramirez70@yahoo.com,photourl-00170
courseid-00171,userid-00171,Wanda Young,wanda.young71@protonmail.com,photourl-00171
courseid-00172,userid-00172,Xander Ferrari,xander.ferrari72@icloud.com,photourl-00172
courseid-00173,userid-00173,Yusuf Meyer,yusuf.meyer73@montanasky.net,photourl-00173
courseid-00174,userid-00174,Zola Ueda,zola.ueda74@flathead.net,photourl-00174
courseid-00175,userid-00175,Adele Diaz,adele.diaz75@gmail.com,photourl-00175
courseid-00176,userid-00176,Bruno Kaur,bruno.kaur76@outlook.com,photourl-00176
courseid-00177,userid-00177,Camila Ramirez,camila.ramirez77@yahoo.com,photourl-00177
courseid-00178,userid-00178,Dario Young,dario.young78@protonmail.com,photourl-00178
courseid-00179,userid-00179,Efe Ferrari,efe.ferrari79@icloud.com,photourl-00179
courseid-00180,userid-00180,Fionn Meyer,fionn.meyer80@montanasky.net,photourl-00180
courseid-00181,userid-00181,Gwen Ueda,gwen.ueda81@flathead.net,photourl-00181
courseid-00182,userid-00182,Hector Diaz,hector.diaz82@gmail.com,photourl-00182
courseid-00183,userid-00183,Iris Kaur,iris.kaur83@outlook.com,photourl-00183
courseid-00184,userid-00184,Julius Ramirez,julius.ramirez84@yahoo.com,photourl-00184
courseid-00185,userid-00185,Kenji Young,kenji.young85@protonmail.com,photourl-00185
courseid-00186,userid-00186,Alice Ferrari,alice.ferrari86@icloud.com,photourl-00186
courseid-00187,userid-00187,Ben Meyer,ben.meyer87@montanasky.net,photourl-00187
courseid-00188,userid-00188,Chloe Ueda,chloe.ueda88@flathead.net,photourl-00188
courseid-00189,userid-00189,Diego Diaz,diego.diaz89@gmail.com,photourl-00189
courseid-00190,userid-00190,Elena Kaur,elena.kaur90@outlook.com,photourl-00190
courseid-00191,userid-00191,Farhan Ramirez,farhan.ramirez91@yahoo.com,photourl-00191
courseid-00192,userid-00192,Grace Young,grace.young92@protonmail.com,photourl-00192
courseid-00193,userid-00193,Hiro Ferrari,hiro.ferrari93@icloud.com,photourl-00193
courseid-00194,userid-00194,Isabelle Meyer,isabelle.meyer94@montanasky.net,photourl-00194
courseid-00195,userid-00195,Jamal Ueda,jamal.ueda95@flathead.net,photourl-00195
courseid-00196,userid-00196,Kira Diaz,kira.diaz96@gmail.com,photourl-00196
courseid-00197,userid-00197,Luis Kaur,luis.kaur97@outlook.com,photourl-00197
courseid-00198,userid-00198,Maya Ramirez,maya.ramirez98@yahoo.com,photourl-00198
courseid-00199,userid-00199,Noah Young,noah.young99@protonmail.com,photourl-00199
courseid-00200,userid-00200,Olivia Ferrari,olivia.ferrari00@icloud.com,photourl-00200
courseid-00201,userid-00201,Pablo Meyer,pablo.meyer01@montanasky.net,photourl-00201
courseid-00202,userid-00202,Quinn Ueda,quinn.ueda02@flathead.net,photourl-00202
courseid-00203,userid-00203,Ravi Diaz,ravi.diaz03@gmail.com,photourl-00203
courseid-00204,userid-00204,Sofia Kaur,sofia.kaur04@outlook.com,photourl-00204
courseid-00205,userid-00205,Tomas Ramirez,tomas.ramirez05@yahoo.com,photourl-00205
courseid-00206,userid-00206,Uma Young,uma.young06@protonmail.com,photourl-00206
courseid-00207,userid-00207,Vince Ferrari,vince.ferrari07@icloud.com,photourl-00207
courseid-00208,userid-00208,Wren Meyer,wren.meyer08@montanasky.net,photourl-00208
courseid-00209,userid-00209,Xiao Ueda,xiao.ueda09@flathead.net,photourl-00209
courseid-00210,userid-00210,Yara Diaz,yara.diaz10@gmail.com,photourl-00210
courseid-00211,userid-00211,Zane Kaur,zane.kaur11@outlook.com,photourl-00211
courseid-00212,userid-00212,Anika Ramirez,anika.ramirez12@yahoo.com,photourl-00212
courseid-00213,userid-00213,Bram Young,bram.young13@protonmail.com,photourl-00213
